date,ip,cvss,asn,size
2025-08-01,10.0.3.172,2.0,65000,256
2025-08-08,10.0.3.12,1.0,65000,256
2025-08-10,10.0.3.207,1.0,65000,256
2025-08-11,10.0.3.108,1.0,65000,256
2025-08-17,10.0.3.119,2.0,65000,256
2025-08-18,10.0.3.238,2.0,65000,256
2025-08-19,10.0.3.238,1.0,65000,256
2025-08-22,10.0.3.151,1.0,65000,256
2025-08-23,10.0.3.135,1.0,65000,256
2025-08-27,10.0.3.111,2.0,65000,256
2025-08-29,10.0.3.21,2.0,65000,256
2025-09-01,10.0.3.70,1.0,65000,256
2025-09-02,10.0.3.160,1.0,65000,256
2025-09-03,10.0.3.92,1.0,65000,256
2025-09-04,10.0.3.256,2.0,65000,256
2025-09-05,10.0.3.157,2.0,65000,256
2025-09-06,10.0.3.112,2.0,65000,256
2025-09-14,10.0.3.143,1.0,65000,256
2025-09-15,10.0.3.36,1.0,65000,256
2025-09-16,10.0.3.156,1.0,65000,256
2025-09-19,10.0.3.245,1.0,65000,256
2025-09-22,10.0.3.212,2.0,65000,256
2025-09-23,10.0.3.90,2.0,65000,256
2025-09-24,10.0.3.149,1.0,65000,256
2025-09-30,10.0.3.107,9.0,65000,256
2025-09-30,10.0.3.110,9.0,65000,256
2025-09-30,10.0.3.119,9.0,65000,256
2025-09-30,10.0.3.121,9.0,65000,256
2025-09-30,10.0.3.126,9.0,65000,256
2025-09-30,10.0.3.13,9.0,65000,256
2025-09-30,10.0.3.130,9.0,65000,256
2025-09-30,10.0.3.133,9.0,65000,256
2025-09-30,10.0.3.139,9.0,65000,256
2025-09-30,10.0.3.150,9.0,65000,256
2025-09-30,10.0.3.155,9.0,65000,256
2025-09-30,10.0.3.156,9.0,65000,256
2025-09-30,10.0.3.157,9.0,65000,256
2025-09-30,10.0.3.16,9.0,65000,256
2025-09-30,10.0.3.162,9.0,65000,256
2025-09-30,10.0.3.164,9.0,65000,256
2025-09-30,10.0.3.168,9.0,65000,256
2025-09-30,10.0.3.169,9.0,65000,256
2025-09-30,10.0.3.17,9.0,65000,256
2025-09-30,10.0.3.178,9.0,65000,256
2025-09-30,10.0.3.180,9.0,65000,256
2025-09-30,10.0.3.185,9.0,65000,256
2025-09-30,10.0.3.191,9.0,65000,256
2025-09-30,10.0.3.195,9.0,65000,256
2025-09-30,10.0.3.197,2.0,65000,256
2025-09-30,10.0.3.198,9.0,65000,256
2025-09-30,10.0.3.20,9.0,65000,256
2025-09-30,10.0.3.214,9.0,65000,256
2025-09-30,10.0.3.218,9.0,65000,256
2025-09-30,10.0.3.233,9.0,65000,256
2025-09-30,10.0.3.235,9.0,65000,256
2025-09-30,10.0.3.36,9.0,65000,256
2025-09-30,10.0.3.4,9.0,65000,256
2025-09-30,10.0.3.45,9.0,65000,256
2025-09-30,10.0.3.52,9.0,65000,256
2025-09-30,10.0.3.53,9.0,65000,256
2025-09-30,10.0.3.59,9.0,65000,256
2025-09-30,10.0.3.6,9.0,65000,256
2025-09-30,10.0.3.66,9.0,65000,256
2025-09-30,10.0.3.9,9.0,65000,256
2025-09-30,10.0.3.99,9.0,65000,256
2025-10-01,10.0.3.117,9.0,65000,256
2025-10-01,10.0.3.120,9.0,65000,256
2025-10-01,10.0.3.126,9.0,65000,256
2025-10-01,10.0.3.130,9.0,65000,256
2025-10-01,10.0.3.132,9.0,65000,256
2025-10-01,10.0.3.139,9.0,65000,256
2025-10-01,10.0.3.147,9.0,65000,256
2025-10-01,10.0.3.156,9.0,65000,256
2025-10-01,10.0.3.16,9.0,65000,256
2025-10-01,10.0.3.17,9.0,65000,256
2025-10-01,10.0.3.181,9.0,65000,256
2025-10-01,10.0.3.189,9.0,65000,256
2025-10-01,10.0.3.19,9.0,65000,256
2025-10-01,10.0.3.192,9.0,65000,256
2025-10-01,10.0.3.193,9.0,65000,256
2025-10-01,10.0.3.197,9.0,65000,256
2025-10-01,10.0.3.199,9.0,65000,256
2025-10-01,10.0.3.21,9.0,65000,256
2025-10-01,10.0.3.214,9.0,65000,256
2025-10-01,10.0.3.220,9.0,65000,256
2025-10-01,10.0.3.235,9.0,65000,256
2025-10-01,10.0.3.238,9.0,65000,256
2025-10-01,10.0.3.242,9.0,65000,256
2025-10-01,10.0.3.26,9.0,65000,256
2025-10-01,10.0.3.27,9.0,65000,256
2025-10-01,10.0.3.3,9.0,65000,256
2025-10-01,10.0.3.33,9.0,65000,256
2025-10-01,10.0.3.40,9.0,65000,256
2025-10-01,10.0.3.44,9.0,65000,256
2025-10-01,10.0.3.46,9.0,65000,256
2025-10-01,10.0.3.50,9.0,65000,256
2025-10-01,10.0.3.58,9.0,65000,256
2025-10-01,10.0.3.65,9.0,65000,256
2025-10-01,10.0.3.68,9.0,65000,256
2025-10-01,10.0.3.76,9.0,65000,256
2025-10-01,10.0.3.78,9.0,65000,256
2025-10-01,10.0.3.82,9.0,65000,256
2025-10-01,10.0.3.93,9.0,65000,256
2025-10-01,10.0.3.96,9.0,65000,256
2025-10-01,10.0.3.99,9.0,65000,256
2025-10-02,10.0.3.1,9.0,65000,256
2025-10-02,10.0.3.100,9.0,65000,256
2025-10-02,10.0.3.103,9.0,65000,256
2025-10-02,10.0.3.104,9.0,65000,256
2025-10-02,10.0.3.11,9.0,65000,256
2025-10-02,10.0.3.112,9.0,65000,256
2025-10-02,10.0.3.123,9.0,65000,256
2025-10-02,10.0.3.127,1.0,65000,256
2025-10-02,10.0.3.13,9.0,65000,256
2025-10-02,10.0.3.130,9.0,65000,256
2025-10-02,10.0.3.144,9.0,65000,256
2025-10-02,10.0.3.145,9.0,65000,256
2025-10-02,10.0.3.151,9.0,65000,256
2025-10-02,10.0.3.161,9.0,65000,256
2025-10-02,10.0.3.18,9.0,65000,256
2025-10-02,10.0.3.180,9.0,65000,256
2025-10-02,10.0.3.191,9.0,65000,256
2025-10-02,10.0.3.196,9.0,65000,256
2025-10-02,10.0.3.199,9.0,65000,256
2025-10-02,10.0.3.21,9.0,65000,256
2025-10-02,10.0.3.22,9.0,65000,256
2025-10-02,10.0.3.221,9.0,65000,256
2025-10-02,10.0.3.222,9.0,65000,256
2025-10-02,10.0.3.223,9.0,65000,256
2025-10-02,10.0.3.235,9.0,65000,256
2025-10-02,10.0.3.239,9.0,65000,256
2025-10-02,10.0.3.24,9.0,65000,256
2025-10-02,10.0.3.242,9.0,65000,256
2025-10-02,10.0.3.254,9.0,65000,256
2025-10-02,10.0.3.26,9.0,65000,256
2025-10-02,10.0.3.28,9.0,65000,256
2025-10-02,10.0.3.44,9.0,65000,256
2025-10-02,10.0.3.54,9.0,65000,256
2025-10-02,10.0.3.58,9.0,65000,256
2025-10-02,10.0.3.62,9.0,65000,256
2025-10-02,10.0.3.66,9.0,65000,256
2025-10-02,10.0.3.8,9.0,65000,256
2025-10-02,10.0.3.80,9.0,65000,256
2025-10-02,10.0.3.82,9.0,65000,256
2025-10-02,10.0.3.83,9.0,65000,256
2025-10-02,10.0.3.90,9.0,65000,256
2025-10-03,10.0.3.10,9.0,65000,256
2025-10-03,10.0.3.114,2.0,65000,256
2025-10-03,10.0.3.128,9.0,65000,256
2025-10-03,10.0.3.131,9.0,65000,256
2025-10-03,10.0.3.132,9.0,65000,256
2025-10-03,10.0.3.135,9.0,65000,256
2025-10-03,10.0.3.14,9.0,65000,256
2025-10-03,10.0.3.140,9.0,65000,256
2025-10-03,10.0.3.143,9.0,65000,256
2025-10-03,10.0.3.159,9.0,65000,256
2025-10-03,10.0.3.16,9.0,65000,256
2025-10-03,10.0.3.179,9.0,65000,256
2025-10-03,10.0.3.185,9.0,65000,256
2025-10-03,10.0.3.193,9.0,65000,256
2025-10-03,10.0.3.205,9.0,65000,256
2025-10-03,10.0.3.213,9.0,65000,256
2025-10-03,10.0.3.218,9.0,65000,256
2025-10-03,10.0.3.220,9.0,65000,256
2025-10-03,10.0.3.223,9.0,65000,256
2025-10-03,10.0.3.23,9.0,65000,256
2025-10-03,10.0.3.230,9.0,65000,256
2025-10-03,10.0.3.239,9.0,65000,256
2025-10-03,10.0.3.25,9.0,65000,256
2025-10-03,10.0.3.250,9.0,65000,256
2025-10-03,10.0.3.251,9.0,65000,256
2025-10-03,10.0.3.32,9.0,65000,256
2025-10-03,10.0.3.33,9.0,65000,256
2025-10-03,10.0.3.37,9.0,65000,256
2025-10-03,10.0.3.40,9.0,65000,256
2025-10-03,10.0.3.45,9.0,65000,256
2025-10-03,10.0.3.48,9.0,65000,256
2025-10-03,10.0.3.50,9.0,65000,256
2025-10-03,10.0.3.60,9.0,65000,256
2025-10-03,10.0.3.61,9.0,65000,256
2025-10-03,10.0.3.7,9.0,65000,256
2025-10-03,10.0.3.70,9.0,65000,256
2025-10-03,10.0.3.76,9.0,65000,256
2025-10-03,10.0.3.79,9.0,65000,256
2025-10-03,10.0.3.80,9.0,65000,256
2025-10-03,10.0.3.89,9.0,65000,256
2025-10-03,10.0.3.9,9.0,65000,256
2025-10-04,10.0.3.1,9.0,65000,256
2025-10-04,10.0.3.11,9.0,65000,256
2025-10-04,10.0.3.110,9.0,65000,256
2025-10-04,10.0.3.116,9.0,65000,256
2025-10-04,10.0.3.121,9.0,65000,256
2025-10-04,10.0.3.124,9.0,65000,256
2025-10-04,10.0.3.128,9.0,65000,256
2025-10-04,10.0.3.137,9.0,65000,256
2025-10-04,10.0.3.141,9.0,65000,256
2025-10-04,10.0.3.152,9.0,65000,256
2025-10-04,10.0.3.161,9.0,65000,256
2025-10-04,10.0.3.164,9.0,65000,256
2025-10-04,10.0.3.18,9.0,65000,256
2025-10-04,10.0.3.187,9.0,65000,256
2025-10-04,10.0.3.193,9.0,65000,256
2025-10-04,10.0.3.2,9.0,65000,256
2025-10-04,10.0.3.21,9.0,65000,256
2025-10-04,10.0.3.217,9.0,65000,256
2025-10-04,10.0.3.224,9.0,65000,256
2025-10-04,10.0.3.23,9.0,65000,256
2025-10-04,10.0.3.241,9.0,65000,256
2025-10-04,10.0.3.242,9.0,65000,256
2025-10-04,10.0.3.245,9.0,65000,256
2025-10-04,10.0.3.247,9.0,65000,256
2025-10-04,10.0.3.249,9.0,65000,256
2025-10-04,10.0.3.25,9.0,65000,256
2025-10-04,10.0.3.34,9.0,65000,256
2025-10-04,10.0.3.39,9.0,65000,256
2025-10-04,10.0.3.40,9.0,65000,256
2025-10-04,10.0.3.42,9.0,65000,256
2025-10-04,10.0.3.45,9.0,65000,256
2025-10-04,10.0.3.48,9.0,65000,256
2025-10-04,10.0.3.60,9.0,65000,256
2025-10-04,10.0.3.64,9.0,65000,256
2025-10-04,10.0.3.70,9.0,65000,256
2025-10-04,10.0.3.71,9.0,65000,256
2025-10-04,10.0.3.74,9.0,65000,256
2025-10-04,10.0.3.8,9.0,65000,256
2025-10-04,10.0.3.82,9.0,65000,256
2025-10-04,10.0.3.83,9.0,65000,256
2025-10-06,10.0.3.175,1.0,65000,256
2025-10-07,10.0.3.103,2.0,65000,256
2025-10-13,10.0.3.35,1.0,65000,256
2025-10-15,10.0.3.243,2.0,65000,256
2025-10-16,10.0.3.176,2.0,65000,256
2025-10-20,10.0.3.41,1.0,65000,256
2025-10-21,10.0.3.238,1.0,65000,256
2025-10-24,10.0.3.34,1.0,65000,256
2025-10-26,10.0.3.149,1.0,65000,256
2025-10-29,10.0.3.82,2.0,65000,256
2025-10-31,10.0.3.162,2.0,65000,256
2025-11-03,10.0.3.11,1.0,65000,256
2025-11-15,10.0.3.159,2.0,65000,256
2025-11-18,10.0.3.197,2.0,65000,256
2025-11-20,10.0.3.76,2.0,65000,256
2025-11-22,10.0.3.141,1.0,65000,256
2025-11-27,10.0.3.217,2.0,65000,256
